{"cameraMode":{"drawMode":0,"name":"Shaded","section":"Shading Mode"},"sceneLighting":true,"audioPlay":false,"sceneViewState":{"showFog":true,"showMaterialUpdate":false,"showSkybox":true,"showFlares":true,"showImageEffects":true,"showParticleSystems":true,"showVisualEffectGraphs":true,"m_FxEnabled":true},"in2DMode":false,"pivot":{"x":0.08120490610599518,"y":1.5096642971038819,"z":-1.976846694946289},"rotation":{"x":-0.320040762424469,"y":0.014208106324076653,"z":-0.004799955058842897,"w":-0.9472864866256714},"size":2.538010358810425,"orthographic":false}