{"cameraMode":{"drawMode":0,"name":"Shaded","section":"Shading Mode"},"sceneLighting":true,"audioPlay":false,"sceneViewState":{"showFog":true,"showMaterialUpdate":false,"showSkybox":true,"showFlares":true,"showImageEffects":true,"showParticleSystems":true,"showVisualEffectGraphs":true,"m_FxEnabled":true},"in2DMode":false,"pivot":{"x":-0.1419612616300583,"y":1.0944690704345704,"z":0.056345224380493167},"rotation":{"x":-0.11399169266223908,"y":0.03514622524380684,"z":-0.004024626221507788,"w":-0.9928696751594544},"size":1.338010311126709,"orthographic":false}