{"cameraMode":{"drawMode":0,"name":"Shaded","section":"Shading Mode"},"sceneLighting":false,"audioPlay":false,"sceneViewState":{"showFog":true,"showMaterialUpdate":false,"showSkybox":false,"showFlares":true,"showImageEffects":true,"showParticleSystems":true,"showVisualEffectGraphs":true,"m_FxEnabled":true},"in2DMode":false,"pivot":{"x":0.5898846387863159,"y":0.5363714694976807,"z":-0.3255348205566406},"rotation":{"x":-0.033658482134342197,"y":-0.9490149617195129,"z":0.29449453949928286,"w":-0.10805518925189972},"size":1.3498157262802125,"orthographic":false}