{"cameraMode":{"drawMode":0,"name":"Shaded","section":"Shading Mode"},"sceneLighting":false,"audioPlay":false,"sceneViewState":{"showFog":true,"showMaterialUpdate":false,"showSkybox":false,"showFlares":true,"showImageEffects":true,"showParticleSystems":true,"showVisualEffectGraphs":true,"m_FxEnabled":true},"in2DMode":false,"pivot":{"x":0.00040137767791748047,"y":0.8855633735656738,"z":-0.004892848432064056},"rotation":{"x":-0.28586888313293459,"y":-0.05690808221697807,"z":0.016873493790626527,"w":-0.9565146565437317},"size":1.3380104303359986,"orthographic":false}