{"cameraMode":{"drawMode":0,"name":"Shaded","section":"Shading Mode"},"sceneLighting":false,"audioPlay":false,"sceneViewState":{"showFog":true,"showMaterialUpdate":false,"showSkybox":false,"showFlares":true,"showImageEffects":true,"showParticleSystems":true,"showVisualEffectGraphs":true,"m_FxEnabled":true},"in2DMode":false,"pivot":{"x":0.027351243421435357,"y":1.1468722820281983,"z":-1.419608235359192},"rotation":{"x":0.001906371908262372,"y":0.9949361681938171,"z":-0.09973172843456269,"w":0.017899813130497934},"size":1.3380104303359986,"orthographic":false}